repository_name,language
.github,
aegisthus,Java
af_tsa,C
aminator,Python
archaius,Java
asgard,Groovy
astyanax,Java
atlas,Scala
atlas-docs,Python
aws-autoscaling,Shell
awsobjectmapper,Groovy
batch_request_api,Ruby
batch_request_client,Ruby
bbparse,C
bettertls,Go
blesk,JavaScript
bless,Python
blitz4j,Java
bpftop,C
brutal,Python
cachemover,C++
CassJMeter,Java
chaosmonkey,Go
Cloud-Prize,
clove,Python
codec_compare,Python
concurrency-limits,Java
conductor,Java
conductor-community,Java
conductor-docs,Python
.github,
aegisthus,Java
af_tsa,C
aminator,Python
archaius,Java
asgard,Groovy
astyanax,Java
atlas,Scala
atlas-docs,Python
aws-autoscaling,Shell
awsobjectmapper,Groovy
batch_request_api,Ruby
batch_request_client,Ruby
bbparse,C
bettertls,Go
blesk,JavaScript
bless,Python
blitz4j,Java
bpftop,C
brutal,Python
cachemover,C++
CassJMeter,Java
chaosmonkey,Go
Cloud-Prize,
clove,Python
codec_compare,Python
concurrency-limits,Java
conductor,Java
conductor-community,Java
conductor-docs,Python
.github,
aegisthus,Java
af_tsa,C
aminator,Python
archaius,Java
asgard,Groovy
astyanax,Java
atlas,Scala
atlas-docs,Python
aws-autoscaling,Shell
awsobjectmapper,Groovy
batch_request_api,Ruby
batch_request_client,Ruby
bbparse,C
bettertls,Go
blesk,JavaScript
bless,Python
blitz4j,Java
bpftop,C
brutal,Python
cachemover,C++
CassJMeter,Java
chaosmonkey,Go
Cloud-Prize,
clove,Python
codec_compare,Python
concurrency-limits,Java
conductor,Java
conductor-community,Java
conductor-docs,Python
.github,
aegisthus,Java
af_tsa,C
aminator,Python
archaius,Java
asgard,Groovy
astyanax,Java
atlas,Scala
atlas-docs,Python
aws-autoscaling,Shell
awsobjectmapper,Groovy
batch_request_api,Ruby
batch_request_client,Ruby
bbparse,C
bettertls,Go
blesk,JavaScript
bless,Python
blitz4j,Java
bpftop,C
brutal,Python
cachemover,C++
CassJMeter,Java
chaosmonkey,Go
Cloud-Prize,
clove,Python
codec_compare,Python
concurrency-limits,Java
conductor,Java
conductor-community,Java
conductor-docs,Python
.github,
aegisthus,Java
af_tsa,C
aminator,Python
archaius,Java
asgard,Groovy
astyanax,Java
atlas,Scala
atlas-docs,Python
aws-autoscaling,Shell
awsobjectmapper,Groovy
batch_request_api,Ruby
batch_request_client,Ruby
bbparse,C
bettertls,Go
blesk,JavaScript
bless,Python
blitz4j,Java
bpftop,C
brutal,Python
cachemover,C++
CassJMeter,Java
chaosmonkey,Go
Cloud-Prize,
clove,Python
codec_compare,Python
concurrency-limits,Java
conductor,Java
conductor-community,Java
conductor-docs,Python
.github,
aegisthus,Java
af_tsa,C
aminator,Python
archaius,Java
asgard,Groovy
astyanax,Java
atlas,Scala
atlas-docs,Python
aws-autoscaling,Shell
awsobjectmapper,Groovy
batch_request_api,Ruby
batch_request_client,Ruby
bbparse,C
bettertls,Go
blesk,JavaScript
bless,Python
blitz4j,Java
bpftop,C
brutal,Python
cachemover,C++
CassJMeter,Java
chaosmonkey,Go
Cloud-Prize,
clove,Python
codec_compare,Python
concurrency-limits,Java
conductor,Java
conductor-community,Java
conductor-docs,Python
.github,
aegisthus,Java
af_tsa,C
aminator,Python
archaius,Java
asgard,Groovy
astyanax,Java
atlas,Scala
atlas-docs,Python
aws-autoscaling,Shell
awsobjectmapper,Groovy
batch_request_api,Ruby
batch_request_client,Ruby
bbparse,C
bettertls,Go
blesk,JavaScript
bless,Python
blitz4j,Java
bpftop,C
brutal,Python
cachemover,C++
CassJMeter,Java
chaosmonkey,Go
Cloud-Prize,
clove,Python
codec_compare,Python
concurrency-limits,Java
conductor,Java
conductor-community,Java
conductor-docs,Python
.github,
aegisthus,Java
af_tsa,C
aminator,Python
archaius,Java
asgard,Groovy
astyanax,Java
atlas,Scala
atlas-docs,Python
aws-autoscaling,Shell
awsobjectmapper,Groovy
batch_request_api,Ruby
batch_request_client,Ruby
bbparse,C
bettertls,Go
blesk,JavaScript
bless,Python
blitz4j,Java
bpftop,C
brutal,Python
cachemover,C++
CassJMeter,Java
chaosmonkey,Go
Cloud-Prize,
clove,Python
codec_compare,Python
concurrency-limits,Java
conductor,Java
conductor-community,Java
conductor-docs,Python
